{"name":"9db2cbc2-3a0e-4bf0-9b2a-0bf9fa47d6b4","id":"/providers/Microsoft.Flow/flows/9db2cbc2-3a0e-4bf0-9b2a-0bf9fa47d6b4","type":"Microsoft.Flow/flows","properties":{"apiId":"/providers/Microsoft.PowerApps/apis/shared_logicflows","displayName":"sendLicenseNumber","definition":{"metadata":{"workflowEntityId":null,"processAdvisorMetadata":null,"flowChargedByPaygo":null,"flowclientsuspensionreason":"None","flowclientsuspensiontime":null,"flowclientsuspensionreasondetails":null,"creator":{"id":"6e1b7423-a6a8-44b0-ad10-f5e6f67fedf6","type":"User","tenantId":"9719b0a6-2aae-4c44-9235-e2dfd73a31ec"},"provisioningMethod":"FromDefinition","failureAlertSubscription":true,"clientLastModifiedTime":"2025-05-31T05:07:31.1974499Z","connectionKeySavedTimeKey":"2025-05-31T05:07:31.1974499Z","creationSource":"Portal","modifiedSources":"Portal;PowerAppsMaker"},"$schema":"https://schema.management.azure.com/providers/Microsoft.Logic/schemas/2016-06-01/workflowdefinition.json#","contentVersion":"undefined","parameters":{"$connections":{"defaultValue":{},"type":"Object"},"$authentication":{"defaultValue":{},"type":"SecureObject"}},"triggers":{"manual":{"metadata":{"operationMetadataId":"10574716-e8e1-4c97-82a1-852502264525"},"type":"Request","kind":"PowerAppV2","inputs":{"schema":{"type":"object","properties":{"text":{"description":"Please enter your input","title":"_employee_email","type":"string","x-ms-content-hint":"TEXT","x-ms-dynamically-added":true},"text_1":{"description":"Please enter your input","title":"_employee_id","type":"string","x-ms-content-hint":"TEXT","x-ms-dynamically-added":true},"text_3":{"description":"Please enter your input","title":"_employee_name","type":"string","x-ms-content-hint":"TEXT","x-ms-dynamically-added":true},"text_2":{"description":"Please enter your input","title":"_license_number","type":"string","x-ms-content-hint":"TEXT","x-ms-dynamically-added":true}},"required":["text","text_1","text_3","text_2"]}}}},"actions":{"Send_an_email_(V2)":{"runAfter":{},"metadata":{"operationMetadataId":"85f353fc-f306-4c00-bc17-d75f4f90fe8e"},"type":"OpenApiConnection","inputs":{"host":{"apiId":"/providers/Microsoft.PowerApps/apis/shared_office365","connectionName":"shared_office365","operationId":"SendEmailV2"},"parameters":{"emailMessage/To":"@triggerBody()?['text']","emailMessage/Subject":"[@{triggerBody()?['text_3']}(@{triggerBody()?['text_1']})] Your license has been assigned","emailMessage/Body":"<p class=\"editor-paragraph\">Dear @{triggerBody()?['text_3']}</p><br><p class=\"editor-paragraph\">Your license has been assigned. Please find your license details as follows.</p><p class=\"editor-paragraph\">License Number: @{triggerBody()?['text_2']}</p><br><p class=\"editor-paragraph\">From IT Helpdesk</p>","emailMessage/Importance":"Normal"},"authentication":{"value":"@json(decodeBase64(triggerOutputs().headers['X-MS-APIM-Tokens']))['$ConnectionKey']","type":"Raw"}}}}},"connectionReferences":{"shared_office365":{"connectionName":"8d11fc3343954b97ae2dca6b3cf074f4","source":"Invoker","id":"/providers/Microsoft.PowerApps/apis/shared_office365","tier":"NotSpecified","apiName":"office365","isProcessSimpleApiReferenceConversionAlreadyDone":false}},"flowFailureAlertSubscribed":false,"isManaged":false}}