{"name":"84fa95e8-4880-4f99-8846-148f2b9ade9f","id":"/providers/Microsoft.Flow/flows/84fa95e8-4880-4f99-8846-148f2b9ade9f","type":"Microsoft.Flow/flows","properties":{"apiId":"/providers/Microsoft.PowerApps/apis/shared_logicflows","displayName":"automatedLicenseApproval","definition":{"metadata":{"workflowEntityId":null,"processAdvisorMetadata":null,"flowChargedByPaygo":null,"flowclientsuspensionreason":"None","flowclientsuspensiontime":null,"flowclientsuspensionreasondetails":null,"creator":{"id":"6e1b7423-a6a8-44b0-ad10-f5e6f67fedf6","type":"User","tenantId":"9719b0a6-2aae-4c44-9235-e2dfd73a31ec"},"provisioningMethod":"FromDefinition","failureAlertSubscription":true,"clientLastModifiedTime":"2025-06-05T08:40:34.9646806Z","connectionKeySavedTimeKey":"2025-06-05T08:40:34.9646806Z","creationSource":"Portal","modifiedSources":"Portal;PowerAppsMaker"},"$schema":"https://schema.management.azure.com/providers/Microsoft.Logic/schemas/2016-06-01/workflowdefinition.json#","contentVersion":"undefined","parameters":{"$authentication":{"defaultValue":{},"type":"SecureObject"},"$connections":{"defaultValue":{},"type":"Object"}},"triggers":{"manual":{"metadata":{"operationMetadataId":"1dd28afa-7dd8-40ef-92cb-3756c754a100"},"type":"Request","kind":"PowerAppV2","inputs":{"schema":{"type":"object","properties":{"text_1":{"description":"Please enter your input","title":"_employee_id","type":"string","x-ms-content-hint":"TEXT","x-ms-dynamically-added":true},"text_2":{"description":"Please enter your input","title":"_employee_name","type":"string","x-ms-content-hint":"TEXT","x-ms-dynamically-added":true},"text_5":{"description":"Please enter your input","title":"_HOD_email","type":"string","x-ms-content-hint":"TEXT","x-ms-dynamically-added":true},"number":{"description":"Please enter a number","title":"_id","type":"number","x-ms-content-hint":"NUMBER","x-ms-dynamically-added":true},"text":{"description":"입력을 입력해 주세요","title":"_employee_email","type":"string","x-ms-content-hint":"TEXT","x-ms-dynamically-added":true}},"required":["text_1","text_2","text_5","number","text"]}}}},"actions":{"Start_and_wait_for_an_approval":{"runAfter":{},"metadata":{"operationMetadataId":"f2169c0e-886c-46dc-983c-8b026066afdb"},"type":"OpenApiConnectionWebhook","inputs":{"parameters":{"approvalType":"CustomResponse","WebhookApprovalCreationInput/responseOptions":["Yes","No"],"WebhookApprovalCreationInput/title":"[License Request Approval] Access for @{triggerBody()?['text_2']}(@{triggerBody()?['text_1']})","WebhookApprovalCreationInput/assignedTo":"@triggerBody()?['text_5']","WebhookApprovalCreationInput/enableNotifications":true,"WebhookApprovalCreationInput/enableReassignment":true},"host":{"apiId":"/providers/Microsoft.PowerApps/apis/shared_approvals","connectionName":"shared_approvals","operationId":"StartAndWaitForAnApproval"},"authentication":{"value":"@json(decodeBase64(triggerOutputs().headers['X-MS-APIM-Tokens']))['$ConnectionKey']","type":"Raw"}}},"Condition":{"actions":{"Update_item":{"metadata":{"operationMetadataId":"34bd9d31-592a-47b9-b58b-e9561a12ef4f"},"type":"OpenApiConnection","inputs":{"parameters":{"dataset":"https://sookmyungackr.sharepoint.com/sites/CWB-BankofSingapore","table":"05600b31-1b40-4944-9f1e-f4ad72a6abb5","id":"@triggerBody()?['number']","item/Title":"Access for @{triggerBody()?['text_2']}","item/Approval_Status":"@outputs('Start_and_wait_for_an_approval')?['body/outcome']"},"host":{"apiId":"/providers/Microsoft.PowerApps/apis/shared_sharepointonline","connectionName":"shared_sharepointonline","operationId":"PatchItem"},"authentication":{"value":"@json(decodeBase64(triggerOutputs().headers['X-MS-APIM-Tokens']))['$ConnectionKey']","type":"Raw"}}},"메일_보내기(V2)":{"runAfter":{"Update_item":["Succeeded"]},"type":"OpenApiConnection","inputs":{"parameters":{"emailMessage/To":"@triggerBody()?['text']","emailMessage/Subject":"[@{triggerBody()?['text_2']}(@{triggerBody()?['text_1']})] Your license request has been approved","emailMessage/Body":"<p class=\"editor-paragraph\">Dear @{triggerBody()?['text_2']}</p><br><p class=\"editor-paragraph\">Your license request has been approved by your HOD and is pending IT Helpdesk action.</p><br><p class=\"editor-paragraph\">From IT Helpdesk</p>","emailMessage/Importance":"Normal"},"host":{"apiId":"/providers/Microsoft.PowerApps/apis/shared_office365","connectionName":"shared_office365","operationId":"SendEmailV2"},"authentication":{"value":"@json(decodeBase64(triggerOutputs().headers['X-MS-APIM-Tokens']))['$ConnectionKey']","type":"Raw"}}}},"runAfter":{"Start_and_wait_for_an_approval":["Succeeded"]},"else":{"actions":{"Update_item_1":{"metadata":{"operationMetadataId":"348f63d7-873a-4179-a196-53b5387a7ccd"},"type":"OpenApiConnection","inputs":{"parameters":{"dataset":"https://sookmyungackr.sharepoint.com/sites/CWB-BankofSingapore","table":"05600b31-1b40-4944-9f1e-f4ad72a6abb5","id":"@triggerBody()?['number']","item/Title":"Access for @{triggerBody()?['text_2']}","item/Approval_Status":"@outputs('Start_and_wait_for_an_approval')?['body/outcome']"},"host":{"apiId":"/providers/Microsoft.PowerApps/apis/shared_sharepointonline","connectionName":"shared_sharepointonline","operationId":"PatchItem"},"authentication":{"value":"@json(decodeBase64(triggerOutputs().headers['X-MS-APIM-Tokens']))['$ConnectionKey']","type":"Raw"}}},"메일_보내기(V2)_1":{"runAfter":{"Update_item_1":["Succeeded"]},"type":"OpenApiConnection","inputs":{"parameters":{"emailMessage/To":"@triggerBody()?['text']","emailMessage/Subject":"[@{triggerBody()?['text_2']}(@{triggerBody()?['text_1']})] Your license request has been approved","emailMessage/Body":"<p class=\"editor-paragraph\">Dear @{triggerBody()?['text_2']}<br><br>Your license request has been rejected by your HOD. Please approach your HOD for clarifications on the license request.<br><br>From IT Helpdesk</p>","emailMessage/Importance":"Normal"},"host":{"apiId":"/providers/Microsoft.PowerApps/apis/shared_office365","connectionName":"shared_office365","operationId":"SendEmailV2"},"authentication":{"value":"@json(decodeBase64(triggerOutputs().headers['X-MS-APIM-Tokens']))['$ConnectionKey']","type":"Raw"}}}}},"expression":{"and":[{"equals":["@outputs('Start_and_wait_for_an_approval')?['body/outcome']","Yes"]}]},"metadata":{"operationMetadataId":"69d97961-4ac1-422b-b231-867e93b78e16"},"type":"If"}}},"connectionReferences":{"shared_approvals":{"connectionName":"shared-approvals-acc81a1c-2266-423d-967c-61d262a73272","source":"Invoker","id":"/providers/Microsoft.PowerApps/apis/shared_approvals","tier":"NotSpecified","apiName":"approvals","isProcessSimpleApiReferenceConversionAlreadyDone":false},"shared_sharepointonline":{"connectionName":"ec0398cbb62648ad85b67bf6eb51c62e","source":"Invoker","id":"/providers/Microsoft.PowerApps/apis/shared_sharepointonline","tier":"NotSpecified","apiName":"sharepointonline","isProcessSimpleApiReferenceConversionAlreadyDone":false},"shared_office365":{"connectionName":"8d11fc3343954b97ae2dca6b3cf074f4","source":"Invoker","id":"/providers/Microsoft.PowerApps/apis/shared_office365","tier":"NotSpecified","apiName":"office365","isProcessSimpleApiReferenceConversionAlreadyDone":false}},"flowFailureAlertSubscribed":false,"isManaged":false}}