{"name":"608fea8a-e41d-498f-aef6-4863fd0951d2","id":"/providers/Microsoft.Flow/flows/608fea8a-e41d-498f-aef6-4863fd0951d2","type":"Microsoft.Flow/flows","properties":{"apiId":"/providers/Microsoft.PowerApps/apis/shared_logicflows","displayName":"sendLicenseEdit","definition":{"metadata":{"workflowEntityId":null,"processAdvisorMetadata":null,"flowChargedByPaygo":null,"flowclientsuspensionreason":"None","flowclientsuspensiontime":null,"flowclientsuspensionreasondetails":null,"creator":{"id":"6e1b7423-a6a8-44b0-ad10-f5e6f67fedf6","type":"User","tenantId":"9719b0a6-2aae-4c44-9235-e2dfd73a31ec"},"provisioningMethod":"FromDefinition","failureAlertSubscription":true,"clientLastModifiedTime":"2025-05-31T05:50:11.2537837Z","connectionKeySavedTimeKey":"2025-05-31T05:46:38.5587302Z","creationSource":null,"modifiedSources":"Portal"},"$schema":"https://schema.management.azure.com/providers/Microsoft.Logic/schemas/2016-06-01/workflowdefinition.json#","contentVersion":"undefined","parameters":{"$authentication":{"defaultValue":{},"type":"SecureObject"},"$connections":{"defaultValue":{},"type":"Object"}},"triggers":{"manual":{"metadata":{"operationMetadataId":"10574716-e8e1-4c97-82a1-852502264525"},"type":"Request","kind":"PowerAppV2","inputs":{"schema":{"type":"object","properties":{"text":{"description":"Please enter your input","title":"_employee_email","type":"string","x-ms-content-hint":"TEXT","x-ms-dynamically-added":true},"text_1":{"description":"Please enter your input","title":"_employee_id","type":"string","x-ms-content-hint":"TEXT","x-ms-dynamically-added":true},"text_3":{"description":"Please enter your input","title":"_employee_name","type":"string","x-ms-content-hint":"TEXT","x-ms-dynamically-added":true},"text_2":{"description":"Please enter your input","title":"_license_number","type":"string","x-ms-content-hint":"TEXT","x-ms-dynamically-added":true},"text_4":{"description":"입력을 입력해 주세요","title":"_lan_id","type":"string","x-ms-content-hint":"TEXT","x-ms-dynamically-added":true},"text_5":{"description":"입력을 입력해 주세요","title":"_computer_name","type":"string","x-ms-content-hint":"TEXT","x-ms-dynamically-added":true},"text_6":{"description":"입력을 입력해 주세요","title":"_transfer_lan_id","type":"string","x-ms-content-hint":"TEXT","x-ms-dynamically-added":true},"text_7":{"description":"입력을 입력해 주세요","title":"_transfer_computer_name","type":"string","x-ms-content-hint":"TEXT","x-ms-dynamically-added":true}},"required":["text","text_1","text_3","text_2","text_4","text_5","text_6","text_7"]}}}},"actions":{"Send_an_email_(V2)":{"runAfter":{},"metadata":{"operationMetadataId":"85f353fc-f306-4c00-bc17-d75f4f90fe8e"},"type":"OpenApiConnection","inputs":{"parameters":{"emailMessage/To":"@triggerBody()?['text']","emailMessage/Subject":"[@{triggerBody()?['text_3']}(@{triggerBody()?['text_1']})] Your license has been amended","emailMessage/Body":"<p class=\"editor-paragraph\">Dear @{triggerBody()?['text_3']}</p><br><p class=\"editor-paragraph\">Your license has been amened. Please find your amended license details as follows.</p><p class=\"editor-paragraph\">License Number: @{triggerBody()?['text_2']}</p><p class=\"editor-paragraph\">LAN ID: @{triggerBody()?['text_4']}</p><p class=\"editor-paragraph\">Computer Name: @{triggerBody()?['text_5']}</p><p class=\"editor-paragraph\">Transfer from LAN ID: @{triggerBody()?['text_6']}</p><p class=\"editor-paragraph\">Transfer from Computer Name: @{triggerBody()?['text_7']}</p><br><p class=\"editor-paragraph\">From IT Helpdesk</p>","emailMessage/Importance":"Normal"},"host":{"apiId":"/providers/Microsoft.PowerApps/apis/shared_office365","connectionName":"shared_office365","operationId":"SendEmailV2"},"authentication":{"value":"@json(decodeBase64(triggerOutputs().headers['X-MS-APIM-Tokens']))['$ConnectionKey']","type":"Raw"}}}}},"connectionReferences":{"shared_office365":{"connectionName":"8d11fc3343954b97ae2dca6b3cf074f4","source":"Invoker","id":"/providers/Microsoft.PowerApps/apis/shared_office365","tier":"NotSpecified","apiName":"office365","isProcessSimpleApiReferenceConversionAlreadyDone":false}},"flowFailureAlertSubscribed":false,"isManaged":false}}