{"schemaVersion":"1.0","appDefinitionTemplate":{"id":"/providers/Microsoft.PowerApps/apps/","type":"Microsoft.PowerApps/apps","tags":{"primaryDeviceWidth":"1366","primaryDeviceHeight":"768","supportsPortrait":"true","supportsLandscape":"true","primaryFormFactor":"Tablet","showStatusBar":"false","publisherVersion":"3.25042.10","minimumRequiredApiVersion":"2.2.0","hasComponent":"false","hasUnlockedComponent":"false","isUnifiedRootApp":"false","sienaVersion":"20250424T042219Z-3.25042.10.0"},"properties":{"appVersion":"2025-04-24T04:22:19Z","lifeCycleId":"Published","createdByClientVersion":{"major":3,"minor":25042,"build":10,"revision":0,"majorRevision":0,"minorRevision":0},"minClientVersion":{"major":3,"minor":25042,"build":10,"revision":0,"majorRevision":0,"minorRevision":0},"backgroundColor":"RGBA(0,176,240,1)","backgroundImageUri":"/10057362773246833091/Nfc062ebe-ce97-4847-854d-88ff15215c4d-logoSmallFile","displayName":"CWB - Bank of Singapore","description":"","commitMessage":"","appUris":{"documentUri":{"value":"/10057362773246833091/Ndc2ba2a1-05e9-4fae-9ec6-f95919de5572-document.msapp"},"imageUris":[],"additionalUris":[{"isSolutionAware":false,"value":"/10057362773246833091/N08cd1ca7-0d8b-4c37-b78c-5fc9f2328ac2-identity.json"}]},"createdTime":"0001-01-01T00:00:00Z","lastModifiedTime":"0001-01-01T00:00:00Z","sharedGroupsCount":0,"sharedUsersCount":0,"connectionReferences":{},"databaseReferences":{},"almMode":"Environment","performanceOptimizationEnabled":true,"canConsumeAppPass":true,"enableModernRuntimeMode":false,"executionRestrictions":{"isTeamsOnly":false,"dataLossPreventionEvaluationResult":{"status":"Compliant","lastEvaluationDate":"2025-04-24T04:22:23.6520836Z","violations":[],"violationsByPolicy":[],"violationErrorMessage":"앱에서 사용하는 커넥터는 다음과 같습니다. "}}},"isAppComponentLibrary":false,"appType":"ClassicCanvasApp","appComponents":[]}}